Page,Height(px),Status,Suggestion
http://data.gov.bd/,2269,Flash Scrolling,Page height =< 1556 px
http://data.gov.bd//,2269,Flash Scrolling,Page height =< 1556 px
http://data.gov.bd//dataset,2362,Flash Scrolling,Page height =< 1556 px
http://data.gov.bd//stories,1346,Ok,None
http://data.gov.bd/about-us,1421,Ok,None
http://data.gov.bd//about-us,1421,Ok,None
http://data.gov.bd//bn/about-us,1421,Ok,None
http://data.gov.bd//bn,2266,Flash Scrolling,Page height =< 1556 px
http://data.gov.bd/bn,2266,Flash Scrolling,Page height =< 1556 px
http://data.gov.bd/bn/search/type/dataset,2362,Flash Scrolling,Page height =< 1556 px
http://data.gov.bd/bn/stories,1346,Ok,None
http://data.gov.bd/bn/about-us,1421,Ok,None
http://data.gov.bd//bn/dataset?topics=agriculture,2717,Flash Scrolling,Page height =< 1556 px
http://data.gov.bd//bn/dataset,2362,Flash Scrolling,Page height =< 1556 px
http://data.gov.bd//bn/dataset?topics=business,2562,Flash Scrolling,Page height =< 1556 px
